iso2,cname,iso3,ccont,popdata,rsquared,progress,final,start,peak,floor,beta,mu,maxcur
AD,Andorra,AND,Europe,77006.0,0.9572388870955586,1.1083381293897838,657.9993008877499,2020-03-18,2020-04-01,2020-05-17,6.362428120309321,91.51340315585004,443.6881144930084
AE,United_Arab_Emirates,ARE,Asia,9630959.0,0.9944268535430002,0.6644658528828543,47695.440820190255,2020-03-22,2020-05-11,2020-09-23,25.41196862501421,132.19438478308692,9544.192615280375
AF,Afghanistan,AFG,Asia,37172386.0,0.9947813840869519,0.17812181414069722,69884.37777176753,2020-04-18,2020-06-23,2020-11-21,39.00784929268865,175.2368007289124,9178.4578346592
AG,Antigua_and_Barbuda,ATG,America,96286.0,0.9834651694326207,0.9902061001659899,23.66029801739663,2020-03-23,2020-04-05,2020-05-02,7.92709992964431,95.52636139254952,13.604696470145472
AL,Albania,ALB,Europe,2866376.0,0.9948945091487782,0.9075073422142897,1148.042650232855,2020-03-14,2020-04-16,2020-06-18,22.077241541315882,106.59356554566813,263.2933552470052
AM,Armenia,ARM,Europe,2951776.0,0.9720490915060798,0.2838448519919404,27465.3614063855,2020-03-09,2020-06-20,2021-03-18,52.360491777538805,171.50531034078543,2697.0441592184197
AR,Argentina,ARG,America,44494502.0,0.9689956719315654,0.3312714741065653,42134.78114999068,2020-04-01,2020-06-13,2020-11-03,49.02943035513721,164.9432178128979,4414.040905008023
AT,Austria,AUT,Europe,8847037.0,0.9831758311568319,1.0743326068967316,15382.97214972006,2020-03-11,2020-03-27,2020-05-11,8.338859950857154,87.18487159257599,8495.446813172764
AU,Australia,AUS,Oceania,24992369.0,0.9982795821539078,1.0771277640423225,6632.321049869853,2020-03-17,2020-03-28,2020-04-23,7.036166018594737,88.04593171030321,4166.931136823639
AW,Aruba,ABW,America,105845.0,0.9722881695828555,1.0029268515466114,48.857002805775124,2020-03-28,2020-04-08,2020-05-05,6.144470015034113,99.01211097535345,33.7241799433614
AZ,Azerbaijan,AZE,Europe,9942334.0,0.960063105982699,0.6723090168918632,6839.305975600591,2020-03-25,2020-05-11,2020-08-13,30.634535266650175,132.05688604255448,1139.7576201104146
BA,Bosnia_and_Herzegovina,BIH,Europe,3323929.0,0.99572924481347,0.9060985844582692,2666.376529490333,2020-03-17,2020-04-18,2020-06-28,18.918297359291767,108.70881881953683,709.3804339209962
BB,Barbados,BRB,America,286641.0,0.9883813210543556,1.1398905149608196,75.57116759219463,2020-03-19,2020-04-02,2020-05-02,8.698230372880225,93.01677756902251,40.33473803510326
BD,Bangladesh,BGD,Asia,161356039.0,0.9900463529908368,0.4536251782989483,85638.32209550237,2020-04-20,2020-05-28,2020-08-11,24.9951533578764,148.66772422547692,17411.81312840069
BE,Belgium,BEL,Europe,11422068.0,0.9988594381817685,0.9613078210808994,59974.39725159109,2020-03-09,2020-04-11,2020-07-13,15.99112099376914,101.49624093538746,18703.5022524549
BF,Burkina_Faso,BFA,Africa,19751535.0,0.9841801416891529,1.499994473977962,552.6687027062874,2020-04-08,2020-04-10,2020-04-14,9.82553188790998,101.1002924469563,266.7774417407054
BG,Bulgaria,BGR,Europe,7024216.0,0.9931643913802365,0.7142975843681966,3412.740842493463,2020-03-19,2020-04-29,2020-07-17,28.095190804690258,119.98550441489719,619.0977317080117
BH,Bahrain,BHR,Asia,1569439.0,0.9949546866798042,0.12148942353287484,79706.36622902799,2020-02-26,2020-07-21,,67.25930465645109,203.23205878007337,6149.47389067613
BJ,Benin,BEN,Africa,11485048.0,0.9542488648382389,0.9400043188191366,221.42755408223317,2020-05-09,2020-05-11,2020-05-16,1.801490249462138,131.87957440139846,220.30757130578473
BM,Bermuda,BMU,America,63968.0,0.9743383749309801,0.9579156760259873,140.18531864759285,2020-03-13,2020-04-14,2020-07-07,17.088699432516528,105.30818821351289,41.08154167218566
BN,Brunei_Darussalam,BRN,Asia,428962.0,0.9974451098935074,1.001985054231416,109.63950249877732,2020-03-14,2020-03-23,2020-04-14,5.784515031186945,83.08554299229216,78.69382210305783
BO,Bolivia,BOL,America,11353142.0,0.9959199289318421,0.0965195556000017,80444.39992629662,2020-04-10,2020-07-14,2021-03-19,49.8485234107504,196.46014979359848,8297.025996767645
BR,Brazil,BRA,America,209469333.0,0.9946117425053246,0.17713676619641258,2371953.094928275,2020-03-27,2020-06-27,2021-03-08,45.95028549868192,179.4015232102405,264987.9781778021
BS,Bahamas,BHS,America,385640.0,0.9966420935809449,0.9809977542858537,99.17017022788897,2020-03-25,2020-04-14,2020-05-24,13.766929089950384,104.89113427754243,35.552639975160545
BT,Bhutan,BTN,Asia,754394.0,0.9120631435452803,1.1045660318346895,26.771988019865397,2020-05-14,2020-05-21,2020-05-30,8.75065547153223,141.6489457710361,14.234583501160387
BY,Belarus,BLR,Europe,9485386.0,0.9965686291098176,0.732149709261373,53143.112212419335,2020-03-31,2020-05-10,2020-08-30,19.816541326578534,130.78353141785743,13525.456369649142
BZ,Belize,BLZ,America,383071.0,0.9975790437833785,0.7868869914625409,21.0594770929282,2020-04-07,2020-04-14,2020-04-26,5.7059511923187225,104.62041104746778,15.210609470462725
CA,Canada,CAN,America,37058856.0,0.9976539614188163,0.8593145689075041,101845.12500793111,2020-03-16,2020-04-24,2020-08-04,20.669577681339394,115.21754335468269,24894.62607084252
CD,Democratic_Republic_of_the_Congo,COD,Africa,84068091.0,0.9974181797163809,1.479707597125279,1776.6058293979086,2020-05-23,2020-05-27,2020-06-01,5.230003547296069,147.49843063706132,1350.9821059425253
CF,Central_African_Republic,CAF,Africa,4666377.0,0.9951515381866668,0.22120460400330358,3367.273931855418,2020-05-03,2020-06-12,2020-09-04,25.352524088373904,163.65458945943885,675.2366355183904
CG,Congo,COG,Africa,5244363.0,0.9691343077673898,0.5369823709531001,1035.1322183025088,2020-04-21,2020-05-25,2020-07-17,33.77947513851744,146.32183302107924,156.68992253057766
CH,Switzerland,CHE,Europe,8516543.0,0.9994409392287014,0.9969717937901204,30792.101977279992,2020-03-07,2020-03-30,2020-06-04,11.402261024920952,89.79493561997316,13080.41549697305
CI,Cote_dIvoire,CIV,Africa,25069229.0,0.9880019990606326,0.843297400995705,3047.221825921605,2020-04-14,2020-05-05,2020-06-07,21.761032172474977,126.10670967350221,708.8170555349149
CL,Chile,CHL,America,18729160.0,0.9750766206302954,0.25178715095618126,326361.8300352398,2020-03-15,2020-06-22,2021-03-31,47.705644860013834,173.84760206601513,35130.61473116054
CM,Cameroon,CMR,Africa,25216237.0,0.9650490764672818,0.370654872186681,14371.255198735238,2020-04-09,2020-06-06,2020-09-21,42.268479528076455,158.1271320020231,1743.3564008070252
CN,China,CHN,Asia,1392730000.0,0.9964747130099411,0.8858242937030628,94913.2115353926,2020-02-03,2020-02-12,2020-02-29,8.394848557414328,43.10953904548456,52121.29605070802
CO,Colombia,COL,America,49648685.0,0.9882634876143048,0.3210834097046464,75720.97448151911,2020-04-01,2020-06-09,2020-11-07,42.06934872643564,161.26744291627097,9228.820271656368
CR,Costa_Rica,CRI,America,4999441.0,0.9488670757946878,0.9634751437568854,1006.9204726542313,2020-03-14,2020-04-10,2020-05-27,22.63087062813055,101.32830798358864,225.50174794652548
CU,Cuba,CUB,America,11338138.0,0.9950916845286357,1.0247713630980029,1912.4823481915594,2020-03-31,2020-04-17,2020-05-19,12.40956541793397,108.05698540289714,753.3127695163882
CV,Cape_Verde,CPV,Africa,543767.0,0.9805755763592169,0.7061719258307205,555.9148038992832,2020-04-07,2020-05-11,2020-07-27,19.40104582163757,131.65099168289353,144.3704007283609
CW,CuraÃ§ao,CUW,America,159849.0,0.8912936208048833,1.1276602165562442,6.714281882102006,,2020-04-16,2020-04-17,20.12535256504047,106.52807322872017,1.6834854433454423
CY,Cyprus,CYP,Europe,1189265.0,0.9943124496155115,0.9899917806608131,918.6223453507148,2020-03-15,2020-04-07,2020-05-29,12.790213982071721,97.53847827047792,352.06085539081045
CZ,Czechia,CZE,Europe,10625695.0,0.9831872616268778,0.9777461896438299,9301.712839089883,2020-03-09,2020-04-07,2020-06-12,16.828531503020038,97.6862780197303,2765.5559940239837
DE,Germany,DEU,Europe,82927922.0,0.9971885669463724,0.9852280695745336,182668.21937030295,2020-03-08,2020-04-05,2020-06-17,14.42938918490727,95.67731293343866,62705.00208443459
DJ,Djibouti,DJI,Africa,958920.0,0.9436096176722552,0.6934252784109269,3897.2150282640714,2020-03-24,2020-05-13,2020-09-22,26.138275591560898,134.19192010095284,758.7159865902379
DK,Denmark,DNK,Europe,5797446.0,0.9969966577830339,0.9321644524300022,12320.48084323476,2020-03-04,2020-04-10,2020-07-11,19.61237005423341,100.82607369789608,3167.0604088412765
DM,Dominica,DMA,America,71625.0,0.9878069617842682,0.9418184797759623,11.982897477652918,2020-03-23,2020-04-01,2020-04-20,5.529332938007247,91.57584076528576,8.82181955089308
DO,Dominican_Republic,DOM,America,10627165.0,0.9912501847251933,0.7008190209132975,22404.182728226348,2020-03-19,2020-05-06,2020-09-01,26.999132747811718,127.32941996251466,4225.730916602214
DZ,Algeria,DZA,Africa,42228429.0,0.9869915865729869,0.6786090811590418,12954.42385713166,2020-04-02,2020-05-08,2020-07-13,28.428239525238077,129.347291725123,2323.1066227025112
EC,Ecuador,ECU,America,17084357.0,0.982944910011476,0.7667279600238016,49329.0989476565,2020-03-19,2020-04-29,2020-08-15,22.09795427315601,120.43512630839646,11304.333570518149
EE,Estonia,EST,Europe,1320884.0,0.9896412445721141,0.9870005967903739,1804.746339644918,2020-03-06,2020-04-03,2020-06-10,14.989642773139423,93.72896377029916,598.0543101005044
EG,Egypt,EGY,Africa,98423595.0,0.9898359619225637,0.3827858716362217,52088.52583080296,2020-04-16,2020-06-03,2020-09-03,34.42231106591128,155.11703326366398,7739.580196698321
EL,Greece,GRC,Europe,10727668.0,0.9949929954961834,0.9963536599082902,2866.1652991525243,2020-03-11,2020-04-02,2020-05-15,15.034212339668407,92.72844459198421,947.166774375132
ES,Spain,ESP,Europe,46723749.0,0.996246731593547,0.989425664414461,239662.5580301722,2020-03-04,2020-04-02,2020-06-24,13.917887255095215,92.9115175716581,85063.65358290653
FI,Finland,FIN,Europe,5518050.0,0.9988470133407857,0.9070676557280622,7193.509716931948,2020-03-12,2020-04-15,2020-07-07,19.507164981903834,106.47164802004565,1858.4715242431685
FJ,Fiji,FJI,Oceania,883483.0,0.9997526699972624,1.3153862814158712,11.946517868021994,2020-04-05,2020-04-07,2020-04-11,3.1599443372224147,97.84697318516488,11.12850329363869
FO,Faroe_Islands,FRO,Europe,48497.0,0.9661951703778371,1.059706429403928,95.71383980903445,2020-03-22,2020-03-28,2020-04-18,3.1340680663383025,88.18380203170457,89.5553155791328
FR,France,FRA,Europe,66987244.0,0.9981146330967553,0.9845409216745853,149705.16095164634,2020-03-08,2020-04-05,2020-06-19,14.921749088671977,96.317490934538,49809.70192226303
GA,Gabon,GAB,Africa,2119275.0,0.9901620264852559,0.13893760152639376,16781.781204703777,2020-04-11,2020-06-27,2021-01-20,38.801865722169055,179.03664839762277,2215.629056442997
GD,Grenada,GRD,America,111454.0,0.9713878205261318,0.9572705390511876,21.191202963824157,2020-03-17,2020-04-09,2020-05-19,17.857446172991274,99.60388342903919,5.95569790757816
GE,Georgia,GEO,Europe,3731000.0,0.9981527061411823,0.9461385393163277,763.7057349339227,2020-03-27,2020-04-19,2020-05-31,17.461675675816757,110.21880139393294,219.2966967104706
GG,Guernsey,GGY,Europe,63026.0,0.9968889306917573,0.9915964292859256,245.0593737766791,2020-03-22,2020-04-05,2020-05-19,6.861988377998828,96.17937688367702,156.84882278598016
GH,Ghana,GHA,Africa,29767108.0,0.9924682515619592,0.6131191528850946,11780.977219038066,2020-04-16,2020-05-17,2020-07-16,20.803445146332507,137.55567445158,2861.250256068021
GI,Gibraltar,GIB,Europe,33718.0,0.982210205887084,1.135696491905948,128.55547326291367,2020-03-19,2020-04-02,2020-05-15,6.707690826194137,92.73649201416451,83.51686838631257
GL,Greenland,GRL,America,56025.0,0.9856605421948683,1.2500024420738187,7.999984370758094,2020-03-25,2020-03-29,2020-04-07,2.1268284150834877,88.45198908168638,7.900990265401928
GN,Guinea,GIN,Africa,12414318.0,0.9982544393052243,0.7166285353861078,4836.137648957718,2020-04-08,2020-05-09,2020-07-10,21.33358034419336,130.30688090622294,1146.6373178983458
GQ,Equatorial_Guinea,GNQ,Africa,1308974.0,0.9793221849217072,0.5903434576176211,1827.7495311047187,2020-04-12,2020-05-19,2020-08-17,21.313174458644408,140.2424997587751,433.7649271841252
GT,Guatemala,GTM,America,17247807.0,0.9825265069172643,0.11785154971724417,35080.93843957472,2020-04-26,2020-07-02,2020-12-03,38.963115465392846,184.35748869349814,4612.860066867367
GU,Guam,GUM,Oceania,165768.0,0.9182917025677646,1.0273603742358421,151.4282937829612,2020-03-05,2020-04-02,2020-06-07,16.222568077287935,92.97856342879457,46.61182246459332
GW,Guinea_Bissau,GNB,Africa,1874309.0,0.9408678370749928,0.09188866953843253,13004.95575952914,2020-04-11,2020-07-04,2021-02-09,43.28708900890412,185.92950146694594,1541.1881221697447
GY,Guyana,GUY,America,779004.0,0.9751673853615632,0.8602599583422325,161.74512466920618,2020-03-30,2020-04-27,2020-06-14,22.619666388004006,117.71376872103762,36.23573555807128
HN,Honduras,HND,America,9587522.0,0.9663955518362354,0.0997992689120912,45260.870712045165,2020-04-04,2020-07-25,2021-04-19,61.696846936157996,207.04013734943229,3794.691487081615
HR,Croatia,HRV,Europe,4089400.0,0.9958997748225128,0.9932444738882538,2239.2703061674283,2020-03-16,2020-04-05,2020-05-20,11.880401720579458,95.64246941663943,917.1483378738312
HT,Haiti,HTI,America,11123176.0,0.9982525390325986,0.397813743392203,3370.9242636134513,2020-05-13,2020-06-01,2020-07-11,12.565974039124955,152.60914810375897,1312.8610518257924
HU,Hungary,HUN,Europe,9768785.0,0.9987214783288074,0.9316483078791551,4083.3925010434477,2020-03-22,2020-04-17,2020-06-12,17.537119216398896,108.47431309774363,1167.4670113115358
ID,Indonesia,IDN,Asia,267663435.0,0.9853417734931832,0.7017009636331938,33952.59102900376,2020-04-22,2020-05-15,2020-06-19,24.95921016796941,136.4875736908258,6913.648725672139
IE,Ireland,IRL,Europe,4853506.0,0.9968832714382964,0.9589627940400355,25766.67819423759,2020-03-15,2020-04-14,2020-07-08,14.420933222893652,104.78106095870507,8850.607184148541
IL,Israel,ISR,Asia,8883800.0,0.995787729292054,0.9963008920970204,16787.384059329932,2020-03-16,2020-04-06,2020-06-01,10.904145975515087,96.5663270320716,7415.1460082612175
IM,Isle_of_Man,IMN,Europe,84077.0,0.9932423724189876,0.9955571709948442,328.3157937886378,2020-03-21,2020-04-09,2020-06-03,9.02564491352711,99.51037089292143,170.21753553973915
IN,India,IND,Asia,1352617328.0,0.9946450950283241,0.5239021287339446,304232.6608962681,2020-04-29,2020-05-26,2020-07-14,21.198672127092564,147.47896196460533,72567.69992795648
IQ,Iraq,IRQ,Asia,38433600.0,0.945326991718054,0.4136970034304928,12485.646154342016,2020-04-16,2020-06-09,2020-09-02,50.47204365306247,161.19939831139007,1271.0261064144668
IR,Iran,IRN,Asia,81800269.0,0.9829760285734105,0.8695947898252787,163293.39213542646,2020-02-25,2020-04-15,2020-08-12,28.058293817560163,105.62909820469791,29658.387325936415
IS,Iceland,ISL,Europe,353574.0,0.9816643923470085,0.995358342538693,1813.1302151055515,2020-03-06,2020-03-24,2020-05-21,8.952042945885806,84.3662712860948,946.1343351922385
IT,Italy,ITA,Europe,60431283.0,0.9996548211973043,0.9727830678273415,237661.85516049247,2020-02-28,2020-04-01,2020-07-03,16.926769026942797,92.43925175346789,70264.90890944116
JE,Jersey,JEY,Europe,106800.0,0.974691259468463,1.2790148215904673,231.42812343012653,2020-03-24,2020-04-05,2020-05-10,5.980009222225546,95.66768236988429,162.31464762013388
JM,Jamaica,JAM,America,2934855.0,0.9758944836093698,1.0586052255049876,522.9252749128999,2020-04-08,2020-04-24,2020-05-25,11.64082326298445,114.67131287254877,218.09669440581197
JO,Jordan,JOR,Asia,9956011.0,0.8504776325637761,1.219414330376766,570.8826858833999,,2020-04-09,2020-04-10,28.6507945743761,100.21546647368164,101.59773790410186
JP,Japan,JPN,Asia,126529100.0,0.9993999984820405,1.1017244777383757,15155.46145567975,2020-04-04,2020-04-17,2020-05-11,10.028253818963583,107.56225157414477,7195.383133953077
JPG11668,Cases_on_an_international_conveyance_Japan,N/A,Other,3000.0,0.989863020282573,0.8193111934107845,855.5967569315683,2020-01-31,2020-02-18,2020-05-03,7.0711218082783285,48.89727389058529,535.1544170011842
KE,Kenya,KEN,Africa,51393010.0,0.992336072229932,0.4817840169377571,3128.55068100037,2020-05-27,2020-06-06,2020-06-23,10.139675988749076,157.9029417028054,1471.2744834972516
KG,Kyrgyzstan,KGZ,Asia,6315800.0,0.9791426654517407,0.7676754771224356,2063.3712727905686,2020-03-30,2020-05-04,2020-07-07,26.145282242468124,124.74231455169098,401.5396826533059
KN,Saint_Kitts_and_Nevis,KNA,America,52441.0,0.9870937009363112,0.9225558566287202,12.852493181791948,2020-03-24,2020-04-06,2020-05-04,8.077044717628386,97.00215419922276,7.272523611919504
KR,South_Korea,KOR,Asia,51635256.0,0.9887892021215042,1.2796897967846448,8858.285165154615,2020-02-24,2020-03-04,2020-03-23,5.750065801285211,63.4833290903843,6375.005688066894
KY,Cayman_Islands,CYM,America,64174.0,0.921275724714257,1.252980639749197,107.85709917322563,2020-03-14,2020-04-16,2020-07-08,18.09882987072178,107.22681017564442,29.93540213368623
KZ,Kazakhstan,KAZ,Asia,18276499.0,0.9935286663265466,0.5238134573735055,18383.45586441519,2020-03-31,2020-05-21,2020-09-07,31.733587744866558,141.97864177336902,2959.186347855105
LB,Lebanon,LBN,Asia,6848925.0,0.8745682906844409,0.9037248012104652,1157.262997169493,2020-03-17,2020-04-17,2020-06-02,35.36145004618443,108.35075739047667,167.4442459287646
LC,Saint_Lucia,LCA,America,181889.0,0.8136865948054717,1.1306528240237235,14.403815158535807,2020-03-19,2020-04-01,2020-04-23,12.785036155890252,92.31449169411613,5.52064188389481
LI,Liechtenstein,LIE,Europe,37910.0,0.9736751916126489,1.0357145705721145,75.99997909733473,2020-03-16,2020-03-25,2020-04-23,4.653847678671654,84.99391714202511,61.60947905934452
LK,Sri_Lanka,LKA,Asia,21670000.0,0.803145741937987,1.3981906544281357,996.6962716086794,,2020-05-11,2020-05-12,21.12950157145395,131.6159613348444,238.46166943126113
LR,Liberia,LBR,Africa,4818977.0,0.9816167532630586,1.465300753658095,182.50763248495937,2020-04-21,2020-04-25,2020-05-02,12.743592870830426,116.47460811062109,70.16866861871151
LT,Lithuania,LTU,Europe,2789533.0,0.968499988554808,1.022367457370169,1596.9935994579646,2020-03-16,2020-04-06,2020-05-25,12.925872615699568,97.08935760107653,606.3159231035323
LU,Luxembourg,LUX,Europe,607728.0,0.9648750976813028,1.2213650378272096,3116.419413033994,2020-03-18,2020-03-30,2020-05-06,5.39738751337981,89.49661674746615,2328.270004530997
LV,Latvia,LVA,Europe,1926542.0,0.9853551540564403,0.9575588757791883,1096.5383189021065,2020-03-10,2020-04-08,2020-06-09,18.164301053425024,98.97607276874442,303.3098824729661
MA,Morocco,MAR,Africa,36029138.0,0.9981725497293805,0.8496206720097225,8941.30112870446,2020-04-01,2020-04-27,2020-06-15,19.729863648906612,117.84158445382063,2285.322718849268
MC,Monaco,MCO,Europe,38682.0,0.9393407927032433,1.0256028216967412,89.28546863778536,2020-03-11,2020-03-27,2020-05-13,8.298123339825386,87.12056358517972,49.48762506010498
MD,Moldova,MDA,Europe,3545883.0,0.9949849788849892,0.7675357690362544,9815.456101372401,2020-03-18,2020-05-02,2020-08-25,24.210938617773905,123.27654756886488,2058.907365258867
ME,Montenegro,MNE,Europe,622345.0,0.9979447570450585,0.9779735259634241,320.7799366605947,2020-03-22,2020-04-04,2020-05-06,7.54676990118188,94.80260913478172,191.34371177641415
MG,Madagascar,MDG,Africa,26262368.0,0.9981340364005553,0.8861045813673049,695.6611943901594,2020-05-26,2020-05-30,2020-06-07,6.367271976940854,151.40212087989084,469.01617595958805
MK,North_Macedonia,MKD,Europe,2082958.0,0.9863212430391205,0.9166702942413267,2208.7704761853174,2020-03-14,2020-04-18,2020-07-07,20.212899097273198,109.10691898324438,551.6320756337718
ML,Mali,MLI,Africa,19077690.0,0.9684113351775533,1.0106473431844607,1116.2576782579495,2020-05-02,2020-05-12,2020-05-25,17.456419188897872,132.77439289557373,320.60891724296084
MN,Mongolia,MNG,Asia,3170208.0,0.9121008634183156,1.3929341624239668,111.48101502190741,2020-05-13,2020-05-18,2020-05-27,4.486984667319564,138.60977617950368,91.94126813226673
MP,Northern_Mariana_Islands,MNP,Oceania,56882.0,0.9188076719037332,0.6495739088534052,25.511053661083714,2020-03-18,2020-05-02,2020-07-25,33.17806912865848,123.04431147265129,3.930513104693249
MR,Mauritania,MRT,Africa,4403319.0,0.9955900906323731,0.6862941479727964,461.9010681299957,2020-05-18,2020-05-26,2020-06-13,6.105453399943518,147.20047078309034,320.28743404701856
MS,Montserrat,MSR,America,5900.0,0.9351554378898199,0.34732603850127924,24.678335421711214,2020-03-08,2020-04-21,2020-08-15,22.130545279228066,111.56773878847879,5.646719335028356
MT,Malta,MLT,Europe,483530.0,0.9657397577885384,0.9268845846971909,658.1186133207002,2020-03-04,2020-04-10,2020-07-09,21.508655239676564,101.34635840971923,154.810649448125
MU,Mauritius,MUS,Africa,1265303.0,0.9945975236656729,0.8142518389056869,386.8581990841359,2020-03-23,2020-04-05,2020-05-04,8.007942418764944,95.94123394852404,220.43571759363346
MV,Maldives,MDV,Asia,515696.0,0.9503824153302006,0.05224539058496682,28275.963713295296,2020-04-01,2020-07-20,,49.67039558733602,201.82449790915837,2927.048925815511
MX,Mexico,MEX,America,126190788.0,0.9964110351249059,0.36875233094933235,211374.2922373623,2020-04-06,2020-06-02,2020-10-09,32.89270277329715,154.0128495723555,32845.00281842648
MY,Malaysia,MYS,Asia,31528585.0,0.9803839364454585,0.9792990898507784,7692.96567223905,2020-03-12,2020-04-07,2020-05-26,19.7735549712711,98.15177180373486,1962.2213249538477
NC,New_Caledonia,NCL,Oceania,284060.0,0.97414886229066,1.0071058192807967,12.482728558163025,2020-03-23,2020-03-28,2020-04-07,4.249124461975031,88.14645580595105,10.536130833383702
NE,Niger,NER,Africa,22442948.0,0.9991644591024915,1.499994473977962,633.3356665512338,2020-04-07,2020-04-11,2020-04-19,4.580931918312794,102.06874750167606,517.1861267498664
NG,Nigeria,NGA,Africa,195874740.0,0.9906371463600797,0.9536677774672921,9142.596830895829,2020-05-10,2020-05-18,2020-05-31,11.633462312514263,139.3093004579006,3812.495980147826
NI,Nicaragua,NIC,America,6465513.0,0.9929282436606942,0.5124525974941457,1210.7043157990026,2020-05-21,2020-05-29,2020-06-16,4.822936080873526,150.15199854019974,963.5501228691028
NL,Netherlands,NLD,Europe,17231017.0,0.9991366006005753,0.9703561899966283,47163.82989811071,2020-03-09,2020-04-08,2020-06-29,15.757249279102483,99.12565814200093,14918.70453299875
NO,Norway,NOR,Europe,5314336.0,0.9974817382607253,0.9909875430457141,8452.030705768011,2020-03-03,2020-03-30,2020-06-06,14.44106243775966,90.04994314903703,2899.5054006388127
NP,Nepal,NPL,Asia,28087871.0,0.9974918847981055,0.2481130466958365,3798.9595513963804,2020-05-22,2020-06-07,2020-07-06,12.334158936677298,159.01341332204981,1504.6665994446407
NZ,New_Zealand,NZL,Oceania,4885500.0,0.999710420145037,1.0288276386947388,1078.3425033527387,2020-03-23,2020-04-01,2020-04-22,5.677974698290217,91.60156465674197,781.2972051767072
OM,Oman,OMN,Asia,4829483.0,0.9895592556053021,0.3434423933448319,25435.396465997397,2020-03-25,2020-06-07,2020-12-14,38.750524050313274,158.85930428185677,3362.172318575746
PA,Panama,PAN,America,4176873.0,0.9923846703850924,0.8329295306811647,14207.340764041925,2020-03-13,2020-04-27,2020-08-24,23.7998632185038,118.17126517863684,3030.1966784752835
PE,Peru,PER,America,31989256.0,0.9990662719775047,0.386461960509015,353097.7609208398,2020-03-25,2020-05-30,2020-12-06,32.45291325628236,151.3670715538981,55599.962698010124
PF,French_Polynesia,PYF,Oceania,277679.0,0.9858898184106082,1.0524722181957917,46.28557872795402,2020-03-21,2020-03-31,2020-04-23,7.07494659290732,91.29710523158977,28.985113770876445
PH,Philippines,PHL,Asia,106651922.0,0.9830971887922874,0.830519308781211,18473.807602858084,2020-04-01,2020-04-29,2020-06-13,25.85877701615572,119.90603389881531,3634.2395055758193
PK,Pakistan,PAK,Asia,212215030.0,0.9954386394321668,0.3715786376477077,166966.88356207282,2020-04-11,2020-06-02,2020-09-14,33.270994840139224,153.56202547110408,25653.631646819307
PL,Poland,POL,Europe,37978548.0,0.9917192559763873,0.8255783887333157,27160.524145288415,2020-03-20,2020-04-27,2020-07-16,23.746398320195137,117.77354864565447,5804.857009091034
PR,Puerto_Rico,PRI,America,3195153.0,0.9810891424626462,0.6777763820256953,4854.312948980097,2020-03-20,2020-05-08,2020-08-30,28.621067565359084,129.01412633527147,864.7629528652092
PS,Palestine,PSE,Asia,4569087.0,0.9455061170960848,1.0874440862642012,424.9807993164404,2020-04-03,2020-04-20,2020-05-16,18.60688828078447,111.03291680579403,114.8888111664659
PT,Portugal,PRT,Europe,10281762.0,0.9916540597383582,0.9646527495325466,32491.484645357814,2020-03-11,2020-04-12,2020-07-09,16.609420178022333,103.24337157884706,9781.115140853244
PY,Paraguay,PRY,America,6956071.0,0.9599091110709355,0.1859034916779707,4757.047674408389,2020-04-23,2020-06-21,2020-10-13,41.46620804960692,173.31177597316574,588.1612954530199
QA,Qatar,QAT,Asia,2781677.0,0.998664508763908,0.28645177200176913,170430.39622098324,2020-03-16,2020-06-09,2021-03-15,37.63998421935175,161.08382122624906,23186.020770137402
RO,Romania,ROU,Europe,19473936.0,0.9985590140107793,0.8892819488906114,20916.715046637473,2020-03-18,2020-04-21,2020-07-09,19.72130911184039,111.95395620248871,5348.633902910591
RS,Serbia,SRB,Europe,6982084.0,0.9975336048254995,0.9525642124133914,11802.578911942026,2020-03-20,2020-04-17,2020-06-27,14.924177245007577,107.69120684154308,3926.917918998415
RU,Russia,RUS,Europe,144478050.0,0.9992670924452727,0.5588793965730229,663107.1852845548,2020-03-31,2020-05-18,2020-09-22,24.129910242479163,138.73153906544894,139529.1502815085
SA,Saudi_Arabia,SAU,Asia,33699947.0,0.9966831860047048,0.27851156140829514,280948.08667647676,2020-03-24,2020-06-09,2021-01-05,39.11607936995053,161.4264119209536,36796.307587228155
SC,Seychelles,SYC,Africa,96762.0,0.960239084969716,0.9440014085024111,7.869237653316971,2020-03-14,2020-03-25,2020-04-15,10.33181363489635,85.3665828957246,3.6406038008350867
SD,Sudan,SDN,Africa,41801533.0,0.9964014805474868,0.6317090455403872,6612.899721655133,2020-05-05,2020-05-23,2020-06-25,13.814820083673707,143.92196319196262,2363.1934668124395
SE,Sweden,SWE,Europe,10183175.0,0.9979585630873368,0.7603040013992974,46249.52000112379,2020-03-05,2020-04-27,2020-09-16,27.674130390848106,118.38695471136927,8515.034609857685
SG,Singapore,SGP,Asia,5638676.0,0.9879787000650042,0.3996579989995624,82308.01669330505,2020-03-14,2020-05-24,2020-12-19,34.40039284123483,145.2606967343843,12237.451012987947
SI,Slovenia,SVN,Europe,2067372.0,0.999448681716083,0.9879149856545855,1381.8424428882645,2020-03-11,2020-03-31,2020-05-16,11.410587253379319,90.50702781615438,586.4737313915729
SK,Slovakia,SVK,Europe,5447011.0,0.9783916026935082,0.892763420453118,1669.1352075907773,2020-03-17,2020-04-10,2020-05-28,16.452220532445693,101.34485808598478,506.9332378863573
SL,Sierra_Leone,SLE,Africa,7650154.0,0.9989818643038839,0.5662525422561615,1376.2158318019588,2020-05-01,2020-05-23,2020-07-02,18.06650003332118,144.36525033441978,382.57493298590174
SM,San_Marino,SMR,Europe,33785.0,0.9934650941727946,0.9254431575468883,701.7487412478816,2020-02-23,2020-04-07,2020-08-24,20.054152066824862,97.61199452064554,176.54337686158223
SN,Senegal,SEN,Africa,15854360.0,0.9966798546905714,0.8631176604359996,3768.564165479941,2020-04-23,2020-05-13,2020-06-21,13.706876668211473,134.00513052133442,1356.4252476119348
SO,Somalia,SOM,Africa,15008154.0,0.995260343479548,0.8408769098011059,2088.1262434306614,2020-04-21,2020-05-09,2020-06-10,14.73733441538134,129.78188988033233,702.983559016065
SS,South_Sudan,SSD,Africa,10975920.0,0.9708609562841792,0.18415949097190984,4354.9205739554345,2020-05-13,2020-06-13,2020-08-13,21.068612527224168,165.2254186098867,1045.0823372089499
ST,Sao_Tome_and_Principe,STP,Africa,211028.0,0.938035165184583,0.7902040981472028,516.683873499182,2020-04-21,2020-05-17,2020-07-24,13.037626053960583,137.53155659573753,194.60516964346803
SV,El_Salvador,SLV,America,6420744.0,0.9923958989378592,0.20067624262866945,10692.05612289488,2020-04-14,2020-06-20,2020-11-15,39.75448704977002,171.74418727597893,1378.1039534914523
SX,Sint_Maarten,SXM,America,41486.0,0.9583538438148036,1.1444161531419357,52.42848052718679,2020-04-02,2020-04-12,2020-05-10,5.065301996911362,102.51803580948042,40.584584846863144
SZ,Eswatini,SWZ,Africa,1367000.0,0.9833587981672728,0.93054434265262,287.6964304045131,2020-04-22,2020-05-10,2020-06-14,12.610245770303397,130.7394775411646,111.7075386077064
TC,Turks_and_Caicos_islands,TCA,America,31458.0,0.9797246827319929,0.9637710021479322,10.07945424030784,2020-03-24,2020-04-07,2020-05-09,8.866273738671195,98.14082828896986,5.297127626293635
TD,Chad,TCD,Africa,15477751.0,0.9936874901946599,0.9399448022521595,761.4428889860286,2020-05-08,2020-05-16,2020-05-30,9.071436243028623,137.43083252589372,393.0956089183887
TG,Togo,TGO,Africa,7889094.0,0.9854796078770158,1.499994473977962,269.4295640110437,2020-05-13,2020-05-18,2020-05-28,5.574203000752409,139.4499418878295,197.6112373975341
TH,Thailand,THA,Asia,69428524.0,0.9949663203642103,1.1037485436659809,2693.4188587765843,2020-03-24,2020-03-31,2020-04-11,7.720364065341068,90.72012865831636,1579.8339537186214
TJ,Tajikistan,TJK,Asia,9100837.0,0.9941688060056086,0.47768578757170216,6672.048740106301,2020-05-03,2020-05-27,2020-07-21,13.857361117343084,148.05670438538468,2377.487815429229
TL,Timor_Leste,TLS,Asia,1267972.0,0.998899749420359,0.9042115325462255,25.594516669885564,2020-04-17,2020-04-20,2020-04-26,3.540288597462588,111.03061268157809,23.10709142687867
TN,Tunisia,TUN,Africa,11565204.0,0.9945432778876447,1.1221267664479297,936.8689400517005,2020-03-26,2020-04-06,2020-04-25,9.198659067132269,96.55715081303232,478.21131858676955
TR,Turkey,TUR,Asia,82319724.0,0.9979838745462813,0.9540942865461771,167246.42353776458,2020-03-21,2020-04-18,2020-07-01,14.88900188542146,109.02865572462922,55774.76082156101
TT,Trinidad_and_Tobago,TTO,America,1389858.0,0.9946118993073051,1.0346767600038167,109.35092148241522,2020-03-19,2020-03-27,2020-04-12,6.15061705191861,87.31425504629755,75.45381687172367
UA,Ukraine,UKR,Europe,44622516.0,0.9982792872544136,0.7813788965232207,28172.35744635036,2020-04-01,2020-05-04,2020-07-14,20.810960641737722,124.80693290820815,6840.753460405298
UK,United_Kingdom,GBR,Europe,66488991.0,0.9994248797808686,0.873387352686694,305278.5540917728,2020-03-14,2020-04-22,2020-08-09,19.854292352901126,113.17084930806082,77562.58713052081
US,United_States_of_America,USA,America,327167434.0,0.9941867810965465,0.8904727352670917,1913254.372864472,2020-03-13,2020-04-22,2020-08-14,19.867279479778094,113.23589940890905,485789.61451190163
UY,Uruguay,URY,America,3449299.0,0.9838102452554549,0.9535274119654303,798.5387313506566,2020-03-12,2020-04-08,2020-05-26,20.94449341857677,98.6313045628216,192.68054022736402
UZ,Uzbekistan,UZB,Asia,32955400.0,0.9620832457548824,0.9442274491259441,3554.379675881818,2020-04-08,2020-04-27,2020-05-26,19.034151453534,117.9154944162691,940.2611783466762
VA,Holy_See,VAT,Europe,1000.0,0.922055053735183,0.8825950103050957,12.463247423816274,2020-02-23,2020-04-06,2020-08-15,20.325495965752786,97.28587644999595,3.0959512243436382
VC,Saint_Vincent_and_the_Grenadines,VCT,America,110210.0,0.9548544305998438,1.1774042040568946,17.229184519485564,2020-03-27,2020-04-12,2020-05-12,11.95448868696456,102.98829814101305,7.017638538480776
VE,Venezuela,VEN,America,28870195.0,0.9973368459508442,1.2080513604838765,1034.9607269883963,2020-05-20,2020-05-25,2020-06-04,4.835801856941288,146.13641720056643,822.6288592941619
VG,British_Virgin_Islands,VGB,America,29802.0,0.9606524750226728,0.73012686218144,8.217749811186335,2020-03-28,2020-04-27,2020-06-20,22.52230832740971,117.52092565022637,1.848767075263567
VI,United_States_Virgin_Islands,VIR,America,106977.0,0.9669213926065724,0.7833593123991354,48.873758978270715,2020-03-17,2020-04-17,2020-06-18,20.170511108238582,107.94543114092703,12.230366375340182
XK,Kosovo,XKX,Europe,1845300.0,0.9919750195024789,0.9337938758497714,1105.7808958205414,2020-03-22,2020-04-18,2020-06-17,16.630513147457677,109.27607609999858,332.4731290606648
ZA,South_Africa,ZAF,Africa,57779622.0,0.9775773101273784,0.03860518208863806,656637.300157845,2020-04-04,2020-09-06,,80.0054411661949,249.82879512846287,43729.38866852585
ZM,Zambia,ZMB,Africa,17351822.0,0.9958252749945562,1.08258949320343,920.2802359901544,2020-05-11,2020-05-17,2020-05-29,5.478821484898233,138.1263287870642,682.7615482820454
